epoch,loss,lr,val_loss
0,0.6694979667663574,0.1,0.6422828435897827
