epoch,acc,dice_coef,loss,lr,val_acc,val_dice_coef,val_loss
0,0.5165396928787231,0.04097886011004448,0.9589785933494568,0.1,0.5475345849990845,0.04577226564288139,0.9554377794265747
