Epoch,Train Accuracy,Val Accuracy,Train Loss,Val Loss
1,0.9996734857559204,1.0,0.002275920705869794,0.0019471561536192894
