Epoch,Train Accuracy,Val Accuracy,Train Loss,Val Loss
1,0.9999909400939941,1.0,0.006809533108025789,0.006368072237819433
